"Name","Year"
"Battlefield of Austerlitz",1805
"Battlefield of Waterloo",1815
"Battlefield of Marengo",1800
"Battle of Borodino / Moskova",1812
"Battlefield of Raszyn",1809
"Battlefield of Mount Tabor",1799
"Battlefield of Alcolea Bridge",1808
"Batalla de Uclés (Uclez)",1809
"Acción de la Fuensanta",1810
"Acción de Orgaz",1813
"Campo de Batalla de Alcañiz",1813
"Batalla de Alba de Tormes 1809",1809
"Batalla de Alba de Tormes 1812",1812
"Batalla de los Arapiles (Salamanca)",1812
"Primer Sitio de Astorga",1810
"Batalla de Ordal",1813
"Batalla de Usagre",1811
"Batalla de Bidasoa (o Larrún)",1813
"Batalla del Puente de Triana",1812
"Batalla de Cabezón",1808
"Sitio de Cádiz",1810
"Battle of Schleiz",1806
"Battle of Saalfeld",1806
"Capitulation of Erfurt",1806
"Batalla de Arroyomolinos",1811
"Batalla de Berezina",1812
"Sitio de Tarragona",1811
"Batalla de La Albuera",1811
"Batalla de Chiclana (La Barrosa)",1811
"Asedio de Ciudad Rodrigo",1812
"Asedio de Badajoz",1812
"Batalla de Vitoria",1813
"Battelfield of San Marcial",1813
"Batalla de Toulouse",1814
"Battlefield of El Bruc",1808
"Emboscada de Valdepeñas",1808
"Batalla de Bailén",1808
"Batalla de Espinosa de los Monteros",1808
"Batalla de Tudela",1808
"Battlefied of Somosierra",1808
"Primer Sitio de Zaragoza",1808
"Segundo Sitio de Zaragoza",1809
"Batalla de Medellín",1809
"Batalla de Talavera",1809
"Batalla de Almonacid",1809
"Batalla de Ocaña",1809
"Batalla de Medina de Rioseco",1808
"Toma del Fuerte del Rastrillar de Laredo",1814
"Combate de Turienzo de los Caballeros",1809
"Batalla de Fuentes de Oñoro",1811
"Batalla de Roliça",1808
"Batalla de Vimeiro",1808
"Segona Batalla de Porto",1809
"Battlefield of García Hernández",1812
"Battlefield of Großbeeren",1813
"Batalla de Majadahonda",1812
"Battlefield of Gospic",1809
"Battlefield of Aspern-Essling",1809
"Battlefield of Wagram",1809
"Segundo Sitio de Astorga",1812
"Battlefield of Leipzig",1813
"Battlefield of Mehrnbach",1805
"Battlefield of Wischau",1805
"Battlefield of Quatre Bras",1815
"Battlefield of Corunna / Elviña",1809
"Battlefield of Pyramids of Giza",1798
"Battlefield of Jena",1806
"Battlefield of Arcis-sur-Aube",1814
"Battlefield of Bautzen",1813
"Battlefield of Auerstaedt",1806
"Battlefield of Friedland",1807
"Battle of Ulm",1805
"Battlefield of Eylau",1807
"Battlefield of Ligny",1815
"Battlefield of Pultusk",1806
"Battlefield of Golymin",1806
"Battlefield of Heilsberg",1807
"Siege of Danzig",1807
"Battlefield of Ostrolenka",1807
"Battlefield of Znaim",1809
"Walcheren Campaign",1809
"Attack of Flushing",1809
"Battlefield of Arcole",1796
"Battlefield of Ebelsberg",1809
"Battlefield Combat of the Côa",1810
"Battlefield of Køge",1807
"Battlefield of Classens Have",1807
"Battlefield 1st Action of Guttstadt-Deppen",1807
"Second Battle of Polotsk",1812
"Battle of Diamond Rock",1805
"Battle of Donauwörth",1805
"Battle of Wertingen",1805
"Battle of Gunzburg",1805
"Battle of Haslach-Jungingen (Albeck)",1805
"Battle of Memmingen",1805
"Battle of Elchingen",1805
"Battle of Verona",1805
"Battlefield of Caldiero",1805
"Invasion of Surinam",1804
"Battle of Mohilew",1812
"Battle of Kliastitsy",1812
"Battlefield of Aboukir",1799
"Battlefield of Abensberg",1809
"Battlefield of Echmühl of Eggmühl",1809
"Battlefield of Landshut",1809
"Battlefield of Ratisbon",1809
"Battlefield of Neumarkt-Sankt Veit",1809
"Battlefield of Radzymin",1809
"Battlefield of La Piave",1809
"Battlefield of Wörgl",1809
"Battlefield of Tarvis",1809
"Battlefield of Linz-Urfahr",1809
"Battlefield of Sankt Michael",1809
"Battlefield of Raab/Győr",1809
"Battlefield of Graz (Gratz)",1809
"Battlefield Combat of Korneuburg",1809
"Battlefield of Gefrees",1809
"Battlefield of Hollabrunn",1809
"Battlefield of Mökern (Dannigkow)",1813
"Battlefield of Luneburg",1813
"Battlefield of Luckau",1813
"Battlefield of Lutzen",1813
"Battlefield of Hanau",1813
"Battlefield of Haynau",1813
"Battlefield of Katzbach",1813
"Battlefield of Dresden",1813
"Battlefield of Hagelberg (Lübnitz)",1813
"Battlefield of Kulm",1813
"Battlefield of Dennewitz",1813
"Battlefield of Wartenburg",1813
"Battlefield of Sacile",1809
"Battlefield of Maida",1806
"Battle of Brienne",1814
"Battlefield of Castiglione",1796
"Siege of Wittenberg",1813
"Battlefield of Hoyerswerda",1813
"Battlefield of Mondovi",1796
"Battlefield of Dego",1796
"Battlefield of Halle (1806)",1806
"Battlefield of Halle (1813)",1813
"Battlefield of Wavre",1815
"Battlefield 1st Action of Genappe",1815
"Battlefield 2nd Action of Genappe",1815
"Battlefield Action of Namur",1815
"Battlefield of Thouars",1815
"Battlefield of Villers-Coterêts",1815
"Battlefield of Ölper",1809
"Battlefield of Vitebsk",1812
"Battlefield of Ostrovno",1812
"Battlefield of Shevardino",1812
"Battlefield of Krasnoi",1812
"Battlefield of Vyazma",1812
"Battlefield of Gorodechno",1812
"Battlefield of Valutino (Lubino)",1812
"Battlefield of Dahlenkirchen",1812
"Battlefield of Mesothen (Mesoten)",1812
"Battlefield of Tarutino",1812
"Battlefield of Chashniki",1812
"Battle of La Rothière",1814
"Battlefield combat of Lesmont",1814
"Battlefield of Champaubert",1814
"Battlefield of Vauchamps",1814
"Battlefield of Montmirail",1814
"Battlefield of Montereau",1814
"Battlefield of Lippa",1813
"Battlefield of Arnhem",1813
"Battlefield of Mormant",1814
"Battlefield of Bayonne",1814
"Battlefield of Nive",1813
"Battlefield of Czarnowo",1806
"Battlefield of Laon",1814
"Battlefield of Fère-Champenoise",1814
"Battlefield of Craonne",1814
"Battlefield of 1st Bar-sur-Aube",1814
"Battlefield of 2nd Bar-sur-Aube",1814
"Battlefield of Nivelle",1813
"Battlefield of Tolentino",1815
"Battlefield of Mincio River",1814
"Battlefield of Nogent",1814
"Battlefield of Gilly",1815
"Battlefield of Heliópolis",1800
"Battlefield of Alexandria",1801
"Siege of El Arish",1801
"Battlefield of Mandora",1801
"Siege of Acre",1799
"Battlefield of Lübeck",1806
"Capture of Alexandria",1798
"Battlefield of Chebreiss",1798
"Battlefield of Sediman",1798
"Battlefield of Jaffa",1799
"Battlefield of Mohrungen",1807
"Battlefield of Allenstein",1807
"Battlefield of Dürenstein (Krems)",1805
"Battlefield of Sabugal",1811
"Battlefield of Bussaco",1810
"French invasion of Malta",1798
"Battlefield of Gamonal",1808
"Battlefield of Lodi",1796
"Battlefield of Borghetto",1796
"Battlefield of Blaauwberg",1806
"Battlefield of Grijó",1809
"Battlefield of Braga",1809
"Battlefield of Évora",1808
"Battlefield of Redinha",1811
"Battlefield of El Bodon",1811
"Battlefield of Maloyaroslavets",1812
"Battlefield First battle of Polotsk",1812
"Battlefield of Wolkowisk (Volkovysk)",1812
"Battlefield of Borizov",1812
"Battlefield of Swolna",1812
"Battlefield of Mir",1812
"Siege of Lugo",1809
"Battlefield of Castrejón de Trabancos",1812
"Battlefield of Tamames",1809
"Battlefield of Sagunto (Sagonte)",1811
"Battlefield of María",1809
"Battlefield of Valls",1809
"Battlefield of Neresheim",1805
"Battlefield of Teugen-Hausen (Thann)",1809
"Battlefield of Smoliani (Smolyany)",1812
"Battlefield of Epinal",1814
"Battlefield of Sehested",1813
"Battlefield of Tollo",1812
"Battlefield of Montebello",1800
"Battlefield of Zornoza",1808
"Battlefield of Valmaseda (Balmaseda)",1808
"Fist battle of Castalla battlefield",1812
"Second battle of Castalla battlefield",1813
"Battlefield of Roncesvalles",1813
"Battlefield of La Suffel (Strasburg)",1815
"Battlefield of Loriol",1815
"Battlefield of Kalisz",1813
"Battlefield of Altenzaun",1806
"Battlefield of Zehdenick",1806
"Battlefield of Amstetten",1805
"Battlefield of Wrzawy",1809
"Battlefield of Hof",1807
"Battlefield of Rovereto",1796
"Battlefield of Peschiera",1796
"Combat of Pfaffenhoffen",1809
"Siege of Almeida (1810)",1810
"Blockade of Almeida (1811)",1811
"Battlefield of Montenotte",1796
"Battlefield of Panaro",1815
"Battlefield of Millesimo",1796
"Battlefield of Langenau",1805
"Battlefield of Herbrechtingen",1805
"Battlefield of Nordlingen",1805
"Battlefield of Lambach (Ulm Campaign)",1805
"Strub Pass clash",1805
"Steyer clash",1805
"Scharnitz clash site (ruins)",1805
"Leutasch clash site (ruins)",1805
"San Pietro in Gu action",1805
"Clash at Weyer",1805
"Combat at Mariazell",1805
"Combat of Valvasone",1805
"Battlefield of Schöngrabern",1805
"Combat of Gradisca",1805
"Skirmish at Flitscher-Klause",1805
"Battle of Castelfranco Veneto",1805
"Battle of Stecken",1805
"Battle of Wonau",1805
"Battle of Lippa",1805
"Battle of St. Mathia",1805
"Battle of Prenzlau",1806
"Siege of Breslau",1806
"Siege of Gaeta",1806
"Siege of Ragusa",1806
"Invasion of Capri",1808
"Capture of Cairo",1798
"Battlefield of Os'ma River",1812
"Combat at Obidos",1808
"Battlefield of Campo Tenese",1806
"First Siege of Scylla",1806
"Second Siege of Scylla",1808
"Battle of Kassel",1813
"Battle of Braunschweig",1813
"Battle of Cotrone",1806
"Battlefield of Nordhaussen",1806
"Siege of Givet",1815
"Capture of Rostock garrison",1807
"Clash at Senpere",1813
"Battlefield of Maçon",1814
"Battlefield on the Burchardianger",1813